{
  "Rincon Hill": 141,
  "Haight Ashbury": 219,
  "Excelsior": 607,
  "Potrero Hill": 953,
  "Mission": 1893,
  "Central Waterfront": 291,
  "Pacific Heights": 1138,
  "Western Addition": 822,
  "Westwood Park": 169,
  "Mission Dolores": 514,
  "Presidio Heights": 518,
  "Parkside": 764,
  "Sunnyside": 593,
  "Tenderloin": 238,
  "Outer Sunset": 1615,
  "Russian Hill": 546,
  "Bayview": 1297,
  "Ingleside": 259,
  "Eureka Valley": 506,
  "Cow Hollow": 263,
  "Inner Richmond": 973,
  "Fairmount": 327,
  "Buena Vista": 313,
  "Cathedral Hill": 450,
  "Outer Richmond": 961,
  "Diamond Heights": 176,
  "Noe Valley": 987,
  "Lower Pacific Heights": 406,
  "Dogpatch": 197,
  "Showplace Square": 177,
  "Castro": 189,
  "Lower Haight": 324,
  "Sunnydale": 49,
  "Fishermans Wharf": 267,
  "West Portal": 311,
  "North Beach": 316,
  "Glen Park": 385,
  "Lone Mountain": 272,
  "South of Market": 1328,
  "Oceanview": 185,
  "Cayuga": 208,
  "Stonestown": 171,
  "Mission Terrace": 460,
  "Crocker Amazon": 238,
  "Laguna Honda": 163,
  "Nob Hill": 309,
  "Peralta Heights": 195,
  "Dolores Heights": 691,
  "Seacliff": 215,
  "University Mound": 143,
  "Aquatic Park / Ft. Mason": 47,
  "Laurel Heights / Jordan Park": 250,
  "Lake Street": 225,
  "Anza Vista": 207,
  "Portola": 493,
  "Japantown": 274,
  "Balboa Terrace": 92,
  "St. Francis Wood": 284,
  "Duboce Triangle": 341,
  "Upper Market": 172,
  "Parnassus Heights": 136,
  "Panhandle": 262,
  "Bernal Heights": 1066,
  "Telegraph Hill": 169,
  "Miraloma Park": 207,
  "Parkmerced": 141,
  "South Beach": 225,
  "Ashbury Heights": 241,
  "Holly Park": 243,
  "Forest Hill": 374,
  "Golden Gate Heights": 437,
  "Outer Mission": 178,
  "Downtown / Union Square": 91,
  "Hayes Valley": 324,
  "Ingleside Terraces": 69,
  "Alamo Square": 151,
  "Produce Market": 52,
  "Mission Bay": 416,
  "Candlestick Point SRA": 43,
  "Financial District": 435,
  "Hunters Point": 182,
  "Northern Waterfront": 320,
  "Marina": 480,
  "Lower Nob Hill": 186,
  "Westwood Highlands": 26,
  "Polk Gulch": 173,
  "Corona Heights": 135,
  "Presidio Terrace": 169,
  "Visitacion Valley": 239,
  "Union Street": 227,
  "Apparel City": 55,
  "Civic Center": 375,
  "Monterey Heights": 44,
  "Merced Heights": 160,
  "India Basin": 195,
  "Sutro Heights": 155,
  "Inner Sunset": 456,
  "St. Marys Park": 92,
  "Midtown Terrace": 15,
  "Little Hollywood": 141,
  "Silver Terrace": 183,
  "Forest Knolls": 5,
  "Merced Manor": 80,
  "Cole Valley": 114,
  "Bret Harte": 160,
  "Sherwood Forest": 47,
  "Mint Hill": 67,
  "Chinatown": 78,
  "Mt. Davidson Manor": 106,
  "Golden Gate Park": 12,
  "Clarendon Heights": 28,
  "Lakeshore": 25,
  "Presidio National Park": 3,
  "McLaren Park": 4
}