{
  "Chinatown": 541,
  "Russian Hill": 300,
  "Financial District": 398,
  "Tenderloin": 2419,
  "Panhandle": 228,
  "Civic Center": 787,
  "Lower Nob Hill": 1201,
  "Lower Haight": 471,
  "Mission": 3513,
  "Marina": 374,
  "Showplace Square": 151,
  "Outer Richmond": 302,
  "Downtown / Union Square": 200,
  "South of Market": 3857,
  "Hayes Valley": 500,
  "St. Marys Park": 32,
  "Union Street": 221,
  "Western Addition": 212,
  "Hunters Point": 26,
  "Cayuga": 162,
  "Fishermans Wharf": 83,
  "Nob Hill": 604,
  "Apparel City": 53,
  "Haight Ashbury": 587,
  "Cole Valley": 179,
  "Bernal Heights": 350,
  "Potrero Hill": 618,
  "Outer Sunset": 233,
  "Aquatic Park / Ft. Mason": 23,
  "Polk Gulch": 300,
  "Castro": 434,
  "Ingleside": 66,
  "Lone Mountain": 63,
  "Cathedral Hill": 674,
  "Japantown": 107,
  "Visitacion Valley": 50,
  "Golden Gate Park": 49,
  "Bayview": 161,
  "Mission Dolores": 1003,
  "Dolores Heights": 289,
  "Duboce Triangle": 326,
  "Bret Harte": 54,
  "Mint Hill": 132,
  "Alamo Square": 74,
  "Lower Pacific Heights": 132,
  "Pacific Heights": 298,
  "Eureka Valley": 152,
  "Noe Valley": 78,
  "Central Waterfront": 41,
  "Mission Terrace": 99,
  "North Beach": 531,
  "Inner Richmond": 486,
  "Peralta Heights": 33,
  "Rincon Hill": 85,
  "Sutro Heights": 29,
  "Excelsior": 116,
  "Produce Market": 73,
  "Laurel Heights / Jordan Park": 71,
  "Presidio Heights": 41,
  "West Portal": 67,
  "Crocker Amazon": 28,
  "Silver Terrace": 71,
  "Sherwood Forest": 4,
  "Lake Street": 25,
  "Holly Park": 60,
  "Northern Waterfront": 47,
  "Buena Vista": 125,
  "South Beach": 167,
  "Ashbury Heights": 25,
  "Parkside": 91,
  "Presidio Terrace": 28,
  "Inner Sunset": 131,
  "Golden Gate Heights": 40,
  "Mission Bay": 87,
  "Oceanview": 32,
  "Sunnyside": 26,
  "Seacliff": 8,
  "Clarendon Heights": 8,
  "Portola": 84,
  "McLaren Park": 8,
  "Westwood Park": 8,
  "Corona Heights": 50,
  "Glen Park": 25,
  "Mt. Davidson Manor": 15,
  "Dogpatch": 63,
  "Cow Hollow": 72,
  "Laguna Honda": 13,
  "Lakeshore": 15,
  "Upper Market": 28,
  "Parkmerced": 5,
  "Merced Manor": 14,
  "Outer Mission": 29,
  "Telegraph Hill": 35,
  "Ingleside Terraces": 8,
  "Parnassus Heights": 21,
  "Little Hollywood": 16,
  "Stonestown": 13,
  "University Mound": 10,
  "Anza Vista": 27,
  "Merced Heights": 19,
  "Miraloma Park": 22,
  "Forest Hill": 3,
  "Fairmount": 16,
  "Lincoln Park / Ft. Miley": 1,
  "India Basin": 2,
  "Forest Knolls": 1,
  "Diamond Heights": 5,
  "Balboa Terrace": 3,
  "Midtown Terrace": 4,
  "Sunnydale": 3,
  "Westwood Highlands": 2,
  "Presidio National Park": 3,
  "St. Francis Wood": 1,
  "Candlestick Point SRA": 1
}